timestamp,project_name,run_id,experiment_id,duration,emissions,emissions_rate,cpu_power,gpu_power,ram_power,cpu_energy,gpu_energy,ram_energy,energy_consumed,water_consumed,country_name,country_iso_code,region,cloud_provider,cloud_region,os,python_version,codecarbon_version,cpu_count,cpu_model,gpu_count,gpu_model,longitude,latitude,ram_total_size,tracking_mode,cpu_utilization_percent,gpu_utilization_percent,ram_utilization_percent,ram_used_gb,on_cloud,pue,wue
2026-06-19T08:18:36,codecarbon,19ee0b45-3925-4fbd-81f9-c843bcae4b07,5b0fa12a-3dd7-45bb-9766-cc326314d9f1,157.9340202250023,0.0011607687840261,7.349707063572658e-06,17.04116542115974,32.0577393402597,20.0,0.0007213166320621,0.0014793200723439,0.0008464003976443,0.0030470371020504,0.0,Germany,DEU,,,,Linux-6.8.0-107-generic-x86_64-with-glibc2.35,3.10.12,3.2.8,32,AMD Ryzen 9 7950X 16-Core Processor,1,1 x NVIDIA GeForce RTX 4090,,,62.01569366455078,machine,0.5038709677419354,2.2580645161290325,12.86709677419358,7.966298577093309,N,1.0,0.0
2026-06-19T08:33:59,codecarbon,b502f79a-6101-49dd-ba17-3d382fa3de28,5b0fa12a-3dd7-45bb-9766-cc326314d9f1,157.325315383001,0.001188768324858,7.556115949706339e-06,17.045990941800813,33.889210820871185,20.0,0.0007188620297705,0.0015584190245119,0.0008432553018221,0.0031205363561046,0.0,Germany,DEU,,,,Linux-6.8.0-107-generic-x86_64-with-glibc2.35,3.10.12,3.2.8,32,AMD Ryzen 9 7950X 16-Core Processor,1,1 x NVIDIA GeForce RTX 4090,,,62.01569366455078,machine,2.030967741935484,2.188311688311688,12.890967741935516,7.990560740809287,N,1.0,0.0
2026-06-19T19:58:50,codecarbon,63f80400-1da6-4995-9a21-efa6788afb78,5b0fa12a-3dd7-45bb-9766-cc326314d9f1,366.8996083969978,0.0030220122348673,8.23661886168433e-06,17.027168105235074,41.3788075651067,20.0,0.0016697966688161,0.0043021045527918,0.0019609304751167,0.0079328316967247,0.0,Germany,DEU,,,,Linux-6.8.0-107-generic-x86_64-with-glibc2.35,3.10.12,3.2.8,32,AMD Ryzen 9 7950X 16-Core Processor,1,1 x NVIDIA GeForce RTX 4090,,,62.01569366455078,machine,1.405915492957747,5.059154929577465,21.056619718309754,13.052853511756574,N,1.0,0.0
2026-06-19T20:02:17,codecarbon,c7b6a56b-914e-4c9e-91b1-7ed43332c2b8,5b0fa12a-3dd7-45bb-9766-cc326314d9f1,113.89275137300136,0.0009803830903829,8.607949834947681e-06,17.073876784501422,43.46407859340752,20.0,0.0005149270435613,0.0014595553343099,0.0005990393188945,0.0025735216967658,0.0,Germany,DEU,,,,Linux-6.8.0-107-generic-x86_64-with-glibc2.35,3.10.12,3.2.8,32,AMD Ryzen 9 7950X 16-Core Processor,1,1 x NVIDIA GeForce RTX 4090,,,62.01569366455078,machine,2.093203883495145,4.196078431372549,15.429126213592236,9.580319932363563,N,1.0,0.0
2026-06-20T10:34:28,codecarbon,e05d2437-6b1a-4142-bc7f-09785fbe2558,5b0fa12a-3dd7-45bb-9766-cc326314d9f1,107.48401953899884,0.0009489381752706,8.828644289082964e-06,17.08669891990105,48.2645269110696,20.0,0.0004931608907762,0.0014207455810401,0.0005770718068833,0.0024909782786997,0.0,Germany,DEU,,,,Linux-6.8.0-107-generic-x86_64-with-glibc2.35,3.10.12,3.2.8,32,AMD Ryzen 9 7950X 16-Core Processor,1,1 x NVIDIA GeForce RTX 4090,,,62.01569366455078,machine,1.5499999999999996,4.315789473684211,15.45625,9.597283244132996,N,1.0,0.0
2026-06-21T09:20:51,codecarbon,483d8db5-ab38-4271-9efe-661e5a172a71,5b0fa12a-3dd7-45bb-9766-cc326314d9f1,362.5413976199925,0.0030368541045406,8.376571956959763e-06,16.343209042606073,41.01880945835068,20.0,0.0016568997675296,0.004285780095288,0.0020291119853005,0.0079717918481182,0.0,Germany,DEU,,,,Linux-6.8.0-107-generic-x86_64-with-glibc2.35,3.10.12,3.2.8,32,AMD Ryzen 9 7950X 16-Core Processor,1,1 x NVIDIA GeForce RTX 4090,,,62.01569366455078,machine,2.4332386363636376,4.427350427350428,21.75909090909085,13.499588305299932,N,1.0,0.0
2026-06-21T10:23:13,codecarbon,1f209097-9812-4145-88fb-1333d43aaa1f,5b0fa12a-3dd7-45bb-9766-cc326314d9f1,356.3402307720389,0.0029824360163046,8.369630366582472e-06,17.023452337701563,42.87890979206366,20.0,0.0016273847348616,0.004289880654124,0.0019116780847107,0.0078289434736964,0.0,Germany,DEU,,,,Linux-6.8.0-107-generic-x86_64-with-glibc2.35,3.10.12,3.2.8,32,AMD Ryzen 9 7950X 16-Core Processor,1,1 x NVIDIA GeForce RTX 4090,,,62.01569366455078,machine,2.735734870317004,3.248554913294797,21.19020172910673,13.128891342998582,N,1.0,0.0
2026-06-21T11:15:53,codecarbon,f2dee93c-b4b6-4676-bcfe-d81a56b23933,5b0fa12a-3dd7-45bb-9766-cc326314d9f1,363.8594782130094,0.0030602507449425,8.410529141557721e-06,17.031628242467,41.25925736688192,20.0,0.0017330330814089,0.0042654553568062,0.0020347199748114,0.0080332084130266,0.0,Germany,DEU,,,,Linux-6.8.0-107-generic-x86_64-with-glibc2.35,3.10.12,3.2.8,32,AMD Ryzen 9 7950X 16-Core Processor,1,1 x NVIDIA GeForce RTX 4090,,,62.01569366455078,machine,2.6695156695156705,4.307692307692308,21.33760683760676,13.218319613030154,N,1.0,0.0
2026-06-22T16:17:09,codecarbon,4c93f9e6-5fe4-46e3-9e5b-5c4f919c5f97,5b0fa12a-3dd7-45bb-9766-cc326314d9f1,76.32383076404221,0.0006086867752524,7.97505535504651e-06,17.220117139406348,40.29050474581011,20.0,0.0003526657115047,0.000837911503662,0.0004072355562006,0.0015978127713674,0.0,Germany,DEU,,,,Linux-6.8.0-107-generic-x86_64-with-glibc2.35,3.10.12,3.2.8,32,AMD Ryzen 9 7950X 16-Core Processor,1,1 x NVIDIA GeForce RTX 4090,,,62.01569366455078,machine,1.1530303030303028,4.384615384615385,15.704545454545462,9.750551281553326,N,1.0,0.0
2026-06-22T17:20:06,codecarbon,1e86a728-4a9a-43c5-a347-ec7c7501bfa4,5b0fa12a-3dd7-45bb-9766-cc326314d9f1,248.1533865900128,0.0021346574184998,8.60216919798324e-06,17.0380860290375,44.58504825736342,20.0,0.0011329526261142,0.0031446502934959,0.0013259078258939,0.0056035107455042,0.0,Germany,DEU,,,,Linux-6.8.0-107-generic-x86_64-with-glibc2.35,3.10.12,3.2.8,32,AMD Ryzen 9 7950X 16-Core Processor,1,1 x NVIDIA GeForce RTX 4090,,,62.01569366455078,machine,4.116877637130803,4.559322033898305,18.91983122362862,11.732902736100469,N,1.0,0.0
2026-06-25T18:46:23,codecarbon,075e1ac5-46a0-4827-ac69-37c6830ae322,5b0fa12a-3dd7-45bb-9766-cc326314d9f1,1.507069278974086,4.286188943800767e-06,2.844055680518233e-06,17.000000153000002,2.2172718262086604,20.0,4.7438626177377045e-06,9.272229641865692e-07,5.580230716279604e-06,1.1251316298203876e-05,0.0,Germany,DEU,,,,Linux-6.8.0-107-generic-x86_64-with-glibc2.35,3.10.12,3.2.8,32,AMD Ryzen 9 7950X 16-Core Processor,1,1 x NVIDIA GeForce RTX 4090,,,62.01569366455078,machine,0.0,0.0,0.0,0.0,N,1.0,0.0
2026-06-25T18:51:20,codecarbon,316cde34-391c-4a17-90b5-c85140feb4e8,5b0fa12a-3dd7-45bb-9766-cc326314d9f1,63.74587646196596,0.0015277062815068,2.39655702658412e-05,123.955963796975,81.38439949164554,20.0,0.0022719615196884,0.0013981811185441,0.0003401114148107,0.0040102540530433,0.0,Germany,DEU,,,,Linux-6.8.0-107-generic-x86_64-with-glibc2.35,3.10.12,3.2.8,32,AMD Ryzen 9 7950X 16-Core Processor,1,1 x NVIDIA GeForce RTX 4090,,,62.01569366455078,machine,22.036363636363635,49.23636363636364,17.69636363636364,10.981825256347657,N,1.0,0.0
2026-06-25T18:52:27,codecarbon,b75d4ac1-7511-4181-85fd-c9b45caaadf9,5b0fa12a-3dd7-45bb-9766-cc326314d9f1,24.191159934038296,0.0001560369564813,6.450164312368722e-06,17.027103701375,30.761414698845844,20.0,0.0001096207862194,0.0001744415284417,0.0001255372560996,0.0004095995707608,0.0,Germany,DEU,,,,Linux-6.8.0-107-generic-x86_64-with-glibc2.35,3.10.12,3.2.8,32,AMD Ryzen 9 7950X 16-Core Processor,1,1 x NVIDIA GeForce RTX 4090,,,62.01569366455078,machine,3.71875,2.0,19.637500000000003,12.191367387771606,N,1.0,0.0
2026-06-25T19:12:35,codecarbon,2337b3d3-0a90-42df-91c6-8aa74bfd563f,5b0fa12a-3dd7-45bb-9766-cc326314d9f1,66.197075263015,0.0015208327547206,2.2974319464689844e-05,128.1232920464675,78.43947665393857,20.0,0.002263332714723,0.0013751713779139,0.0003537068398229,0.0039922109324599,0.0,Germany,DEU,,,,Linux-6.8.0-107-generic-x86_64-with-glibc2.35,3.10.12,3.2.8,32,AMD Ryzen 9 7950X 16-Core Processor,1,1 x NVIDIA GeForce RTX 4090,,,62.01569366455078,machine,10.694736842105264,48.75438596491228,17.949122807017552,11.143341466000203,N,1.0,0.0
2026-06-25T19:14:48,codecarbon,e5c5c8d7-aec1-4e30-a90d-c6def95930ac,5b0fa12a-3dd7-45bb-9766-cc326314d9f1,63.794153810013086,0.0014973211786383,2.3471134723372465e-05,127.99699142201,77.71081505003275,20.0,0.0022608896922083,0.0013291777300081,0.0003404252372882,0.0039304926595048,0.0,Germany,DEU,,,,Linux-6.8.0-107-generic-x86_64-with-glibc2.35,3.10.12,3.2.8,32,AMD Ryzen 9 7950X 16-Core Processor,1,1 x NVIDIA GeForce RTX 4090,,,62.01569366455078,machine,7.503636363636363,50.0,17.792727272727262,11.064461794766514,N,1.0,0.0
2026-06-25T19:18:07,codecarbon,770cab93-803c-4c80-b4cf-483a40636cbf,5b0fa12a-3dd7-45bb-9766-cc326314d9f1,115.59227157197893,0.0032137961519163,2.780286353240472e-05,158.66455635835757,90.8071185326792,20.0,0.0049208912200213,0.0028956320387263,0.0006197443667055,0.0084362676254531,0.0,Germany,DEU,,,,Linux-6.8.0-107-generic-x86_64-with-glibc2.35,3.10.12,3.2.8,32,AMD Ryzen 9 7950X 16-Core Processor,1,1 x NVIDIA GeForce RTX 4090,,,62.01569366455078,machine,5.441071428571429,57.8125,15.25714285714289,9.463880062103271,N,1.0,0.0
2026-06-25T19:22:45,codecarbon,768f7bd0-b1a0-4018-9e6e-9986d86a9476,5b0fa12a-3dd7-45bb-9766-cc326314d9f1,1.507503414992243,4.33652376412991e-06,2.8766261628350766e-06,17.000000153000002,2.5267435757597125,20.0,4.744886070178398e-06,1.0569452904007903e-06,5.581614666799497e-06,1.1383446027378686e-05,0.0,Germany,DEU,,,,Linux-6.8.0-107-generic-x86_64-with-glibc2.35,3.10.12,3.2.8,32,AMD Ryzen 9 7950X 16-Core Processor,1,1 x NVIDIA GeForce RTX 4090,,,62.01569366455078,machine,0.0,0.0,0.0,0.0,N,1.0,0.0
2026-06-25T19:25:59,codecarbon,06c1b3a5-04e4-4a09-be1d-e529d9a64ea2,5b0fa12a-3dd7-45bb-9766-cc326314d9f1,148.5589480480412,0.004202892744572,2.829107771558068e-05,158.1583388773384,95.69494646377082,20.0,0.0063042632414275,0.0039310548115079,0.0007973443557062,0.0110326624086416,0.0,Germany,DEU,,,,Linux-6.8.0-107-generic-x86_64-with-glibc2.35,3.10.12,3.2.8,32,AMD Ryzen 9 7950X 16-Core Processor,1,1 x NVIDIA GeForce RTX 4090,,,62.01569366455078,machine,12.81103448275862,59.91034482758621,12.313793103448257,7.631411690547549,N,1.0,0.0
2026-06-25T19:26:45,codecarbon,8155173e-da41-4882-b0c8-345dc7bf4b2f,5b0fa12a-3dd7-45bb-9766-cc326314d9f1,26.53535982593894,0.000360971637125,1.3603419719681818e-05,84.17247805164091,54.99610983886389,20.0,0.0004850631013455,0.0003206772009858,0.0001418161673497,0.0009475564696811,0.0,Germany,DEU,,,,Linux-6.8.0-107-generic-x86_64-with-glibc2.35,3.10.12,3.2.8,32,AMD Ryzen 9 7950X 16-Core Processor,1,1 x NVIDIA GeForce RTX 4090,,,62.01569366455078,machine,11.378947368421052,31.26315789473684,14.6578947368421,9.19468227185701,N,1.0,0.0
2026-06-25T19:29:12,codecarbon,0a189b9b-6a2e-482a-8a20-0b6ff08e7001,5b0fa12a-3dd7-45bb-9766-cc326314d9f1,1.5079229830298573,4.124501133707083e-06,2.735220021263789e-06,17.000000153000002,1.1849977633427948,20.0,4.74711581386148e-06,4.958337296301352e-07,5.583933600509125e-06,1.082688314400074e-05,0.0,Germany,DEU,,,,Linux-6.8.0-107-generic-x86_64-with-glibc2.35,3.10.12,3.2.8,32,AMD Ryzen 9 7950X 16-Core Processor,1,1 x NVIDIA GeForce RTX 4090,,,62.01569366455078,machine,0.0,0.0,0.0,0.0,N,1.0,0.0
2026-06-25T19:30:06,codecarbon,54885711-b6e3-46ed-9e20-14d04d3479db,5b0fa12a-3dd7-45bb-9766-cc326314d9f1,1.5068746040342376,4.21018959007825e-06,2.793988019179989e-06,17.000001224000002,1.7458823597935154,20.0,4.742980314389484e-06,7.3000058353756e-07,5.578835849883035e-06,1.105181674781008e-05,0.0,Germany,DEU,,,,Linux-6.8.0-107-generic-x86_64-with-glibc2.35,3.10.12,3.2.8,32,AMD Ryzen 9 7950X 16-Core Processor,1,1 x NVIDIA GeForce RTX 4090,,,62.01569366455078,machine,0.0,0.0,0.0,0.0,N,1.0,0.0
2026-06-25T19:30:47,codecarbon,b507ce1a-5d15-4bec-98fd-b90ed95d8e29,5b0fa12a-3dd7-45bb-9766-cc326314d9f1,31.77935514599085,0.000792670257754,2.4942930846537755e-05,93.23659991013334,74.0499188500749,20.0,0.0011763570866415,0.0006529038556561,0.0002515114891342,0.0020807724314319,0.0,Germany,DEU,,,,Linux-6.8.0-107-generic-x86_64-with-glibc2.35,3.10.12,3.2.8,32,AMD Ryzen 9 7950X 16-Core Processor,1,1 x NVIDIA GeForce RTX 4090,,,62.01569366455078,machine,20.90689655172413,50.689655172413794,15.427586206896551,9.561324941700905,N,1.0,0.0
2026-06-25T19:58:09,codecarbon,f9aee2c0-db06-48eb-bc03-299f01b4f80a,5b0fa12a-3dd7-45bb-9766-cc326314d9f1,1625.533427307033,0.0485260372401096,2.9852377333452368e-05,167.1709492500916,101.07667774809556,20.0,0.073047559861737,0.0456085309312399,0.0087255530975849,0.127381643890562,0.0,Germany,DEU,,,,Linux-6.8.0-107-generic-x86_64-with-glibc2.35,3.10.12,3.2.8,32,AMD Ryzen 9 7950X 16-Core Processor,1,1 x NVIDIA GeForce RTX 4090,,,62.01569366455078,machine,18.67360594795539,58.825278810408925,15.616294919454536,9.692150108876282,N,1.0,0.0
2026-06-25T20:43:54,codecarbon,e2a6e073-de9f-4b7c-bcea-3250cace456b,5b0fa12a-3dd7-45bb-9766-cc326314d9f1,1647.5130205309251,0.048911860242087,2.968829965685173e-05,166.57349243584858,100.15354361751928,20.0,0.0737166465129672,0.0458330791664347,0.008844709921299,0.1283944356007009,0.0,Germany,DEU,,,,Linux-6.8.0-107-generic-x86_64-with-glibc2.35,3.10.12,3.2.8,32,AMD Ryzen 9 7950X 16-Core Processor,1,1 x NVIDIA GeForce RTX 4090,,,62.01569366455078,machine,14.318998167379354,57.96271393643032,15.44147831398926,9.577616156203469,N,1.0,0.0
2026-06-25T20:46:35,codecarbon,8a7ea5ed-b420-4c17-8c78-bf0a67f91d3c,5b0fa12a-3dd7-45bb-9766-cc326314d9f1,94.36932575306857,0.0024252768569512,2.569984301146055e-05,144.05735307289288,84.76251256257284,20.0,0.0036770504410609,0.0021846739699604,0.0005046671284226,0.0063663915394441,0.0,Germany,DEU,,,,Linux-6.8.0-107-generic-x86_64-with-glibc2.35,3.10.12,3.2.8,32,AMD Ryzen 9 7950X 16-Core Processor,1,1 x NVIDIA GeForce RTX 4090,,,62.01569366455078,machine,11.905882352941177,52.44705882352941,18.048235294117653,11.190253807516658,N,1.0,0.0
2026-06-25T20:55:16,codecarbon,57a7afe6-3199-4226-b4cc-8336e81cf3e7,5b0fa12a-3dd7-45bb-9766-cc326314d9f1,93.07767591194715,0.0023505120516755,2.525323100997024e-05,133.33113352999106,83.98447369839661,20.0,0.0035139078584513,0.0021587508936664,0.0004974739468598,0.0061701326989776,0.0,Germany,DEU,,,,Linux-6.8.0-107-generic-x86_64-with-glibc2.35,3.10.12,3.2.8,32,AMD Ryzen 9 7950X 16-Core Processor,1,1 x NVIDIA GeForce RTX 4090,,,62.01569366455078,machine,22.538823529411765,52.294117647058826,18.08588235294117,11.220644962086396,N,1.0,0.0
2026-06-25T21:01:10,codecarbon,89ea15b2-4506-429d-a047-d7f74cb7dfb9,5b0fa12a-3dd7-45bb-9766-cc326314d9f1,94.97930977598298,0.00241525058326,2.542922862838889e-05,144.27062967524105,83.94681982446916,20.0,0.0036575993394529,0.0021744897951463,0.0005079832719108,0.0063400724065101,0.0,Germany,DEU,,,,Linux-6.8.0-107-generic-x86_64-with-glibc2.35,3.10.12,3.2.8,32,AMD Ryzen 9 7950X 16-Core Processor,1,1 x NVIDIA GeForce RTX 4090,,,62.01569366455078,machine,9.48720930232558,51.83720930232558,18.148837209302325,11.305719153825628,N,1.0,0.0
2026-06-25T21:03:10,codecarbon,6ac9142b-a87e-4748-bdf3-f55717705388,5b0fa12a-3dd7-45bb-9766-cc326314d9f1,95.17422816995531,0.0023824640729258,2.503265977288922e-05,139.68984975510892,82.78677884012254,20.0,0.003599060392826,0.0021458486611223,0.0005090982250274,0.0062540072789757,0.0,Germany,DEU,,,,Linux-6.8.0-107-generic-x86_64-with-glibc2.35,3.10.12,3.2.8,32,AMD Ryzen 9 7950X 16-Core Processor,1,1 x NVIDIA GeForce RTX 4090,,,62.01569366455078,machine,11.701149425287356,51.06896551724138,18.074712643678144,11.208503021591012,N,1.0,0.0
2026-06-25T21:04:52,codecarbon,bbecb8cc-fc7f-4847-8903-59e78a121cf5,5b0fa12a-3dd7-45bb-9766-cc326314d9f1,93.13849241705611,0.002349230707962,2.522298404232975e-05,133.61338395092858,83.09145471144895,20.0,0.0035225723034545,0.00214632393928,0.0004978729079729,0.0061667691507075,0.0,Germany,DEU,,,,Linux-6.8.0-107-generic-x86_64-with-glibc2.35,3.10.12,3.2.8,32,AMD Ryzen 9 7950X 16-Core Processor,1,1 x NVIDIA GeForce RTX 4090,,,62.01569366455078,machine,35.49294117647059,52.305882352941175,17.972941176470595,11.18896156759823,N,1.0,0.0
2026-06-25T21:09:37,codecarbon,e4806091-13c5-46ed-a0dd-9277f7b86701,5b0fa12a-3dd7-45bb-9766-cc326314d9f1,94.58185562503058,0.0023870376548565,2.523779681718156e-05,139.15305700170535,85.00021277154504,20.0,0.0035849332985052,0.0021752606290958,0.0005058190789785,0.0062660130065796,0.0,Germany,DEU,,,,Linux-6.8.0-107-generic-x86_64-with-glibc2.35,3.10.12,3.2.8,32,AMD Ryzen 9 7950X 16-Core Processor,1,1 x NVIDIA GeForce RTX 4090,,,62.01569366455078,machine,18.72906976744186,52.19767441860465,18.117441860465146,11.24224001862282,N,1.0,0.0
2026-06-29T11:16:04,codecarbon,521c0fe9-e6a1-4e69-8a78-52749deaa6bb,5b0fa12a-3dd7-45bb-9766-cc326314d9f1,4.640251456061378,2.1320153581669225e-05,4.5946116893772096e-06,17.003190560000004,10.44480903880772,20.0,1.953491525789948e-05,1.3453899652127175e-05,2.2976938027810925e-05,5.596575293783758e-05,0.0,Germany,DEU,,,,Linux-6.8.0-107-generic-x86_64-with-glibc2.35,3.10.12,3.2.8,32,AMD Ryzen 9 7950X 16-Core Processor,1,1 x NVIDIA GeForce RTX 4090,,,62.01569366455078,machine,25.0,0.0,12.5,7.7536468505859375,N,1.0,0.0
2026-06-29T11:26:02,codecarbon,4de77bc7-d4ad-4d82-a538-e2d2c48cda30,5b0fa12a-3dd7-45bb-9766-cc326314d9f1,33.61759032995906,0.0003013024438411,8.962642500066329e-06,17.130478846675,50.05482512736379,20.0,0.0001528916355315,0.0004596509232759,0.0001783812995495,0.000790923858357,0.0,Germany,DEU,,,,Linux-6.8.0-107-generic-x86_64-with-glibc2.35,3.10.12,3.2.8,32,AMD Ryzen 9 7950X 16-Core Processor,1,1 x NVIDIA GeForce RTX 4090,,,62.01569366455078,machine,1.759375,5.34375,16.746875000000006,10.383116006851196,N,1.0,0.0
2026-07-05T14:11:10,codecarbon,62855fce-d9e1-4501-b82e-17d5ce054f89,5b0fa12a-3dd7-45bb-9766-cc326314d9f1,359.0041690340732,0.0029908593429814,8.330987773842678e-06,17.026227492501572,42.786505144501206,20.0,0.0016392276581953,0.004286591484826,0.0019252357013976,0.0078510548444189,0.0,Germany,DEU,,,,Linux-6.8.0-107-generic-x86_64-with-glibc2.35,3.10.12,3.2.8,32,AMD Ryzen 9 7950X 16-Core Processor,1,1 x NVIDIA GeForce RTX 4090,,,62.01569366455078,machine,2.667908309455589,1.5545977011494252,24.25845272206313,15.031361806700088,N,1.0,0.0
2026-07-05T14:12:37,codecarbon,df44ab6b-06e1-417c-95e8-cbc31fd602c9,5b0fa12a-3dd7-45bb-9766-cc326314d9f1,82.50558546814136,0.0006335729179973,7.679151834417074e-06,17.321790876138394,34.77116483299508,20.0,0.0003799644998842,0.0008454173430001,0.0004377574614792,0.0016631393043636,0.0,Germany,DEU,,,,Linux-6.8.0-107-generic-x86_64-with-glibc2.35,3.10.12,3.2.8,32,AMD Ryzen 9 7950X 16-Core Processor,1,1 x NVIDIA GeForce RTX 4090,,,62.01569366455078,machine,1.395774647887324,18.2,18.69295774647888,11.593441224434006,N,1.0,0.0
2026-07-05T14:18:50,codecarbon,fdeaf7ac-b041-4c6f-a5e7-81290bfea245,5b0fa12a-3dd7-45bb-9766-cc326314d9f1,368.530085999053,0.0030088285952588,8.164404236094232e-06,17.028880437896,41.04723206473223,20.0,0.0016747875573229,0.0042571392390415,0.0019662976300925,0.0078982244264571,0.0,Germany,DEU,,,,Linux-6.8.0-107-generic-x86_64-with-glibc2.35,3.10.12,3.2.8,32,AMD Ryzen 9 7950X 16-Core Processor,1,1 x NVIDIA GeForce RTX 4090,,,62.01569366455078,machine,2.4188732394366204,3.4394366197183097,24.349014084506944,15.108036352882923,N,1.0,0.0
2026-07-05T14:20:20,codecarbon,24d70301-7ee7-4c44-b63a-04b1725905b3,5b0fa12a-3dd7-45bb-9766-cc326314d9f1,86.0700423840899,0.0006936779119186,8.059458235458273e-06,17.527948243807685,39.9154976822425,20.0,0.0003971873370097,0.0009752724468841,0.0004484561156171,0.0018209158995109,0.0,Germany,DEU,,,,Linux-6.8.0-107-generic-x86_64-with-glibc2.35,3.10.12,3.2.8,32,AMD Ryzen 9 7950X 16-Core Processor,1,1 x NVIDIA GeForce RTX 4090,,,62.01569366455078,machine,3.9013333333333344,16.594594594594593,18.904,11.71977549235026,N,1.0,0.0
2026-07-05T14:26:00,codecarbon,48c44e8b-1319-4e0d-bcbe-4b423ab0572c,5b0fa12a-3dd7-45bb-9766-cc326314d9f1,335.06852772203274,0.0028829835724433,8.604161041454331e-06,17.022028292696024,45.86930179163086,20.0,0.0015295168559985,0.004241500337641,0.0017968619832691,0.0075678791769087,0.0,Germany,DEU,,,,Linux-6.8.0-107-generic-x86_64-with-glibc2.35,3.10.12,3.2.8,32,AMD Ryzen 9 7950X 16-Core Processor,1,1 x NVIDIA GeForce RTX 4090,,,62.01569366455078,machine,3.1105263157894742,4.422360248447205,24.50278637770907,15.188306259296995,N,1.0,0.0
2026-07-05T14:27:00,codecarbon,4728ef49-cf8f-4c63-a4ed-c49f1d8af377,5b0fa12a-3dd7-45bb-9766-cc326314d9f1,56.04894328094088,0.0005178371334465,9.23901688656125e-06,17.544149228861166,51.568573453591405,20.0,0.0002612211780009,0.0008011242520105,0.0002969855411042,0.0013593309711157,0.0,Germany,DEU,,,,Linux-6.8.0-107-generic-x86_64-with-glibc2.35,3.10.12,3.2.8,32,AMD Ryzen 9 7950X 16-Core Processor,1,1 x NVIDIA GeForce RTX 4090,,,62.01569366455078,machine,3.2577777777777777,27.2,17.89555555555555,11.125925869411892,N,1.0,0.0
2026-07-05T14:32:47,codecarbon,cc340b66-15c5-43cf-81a2-c587eb13ccf0,5b0fa12a-3dd7-45bb-9766-cc326314d9f1,343.46719161979854,0.002944657284097,8.5733291445101e-06,17.029398607773377,45.57956352583211,20.0,0.001560599489172,0.00433637708021,0.0018327971124581,0.0077297736818402,0.0,Germany,DEU,,,,Linux-6.8.0-107-generic-x86_64-with-glibc2.35,3.10.12,3.2.8,32,AMD Ryzen 9 7950X 16-Core Processor,1,1 x NVIDIA GeForce RTX 4090,,,62.01569366455078,machine,2.16936936936937,4.430722891566265,24.670870870870875,15.300075061328418,N,1.0,0.0
2026-07-05T14:33:49,codecarbon,0eb487a3-0ffd-4307-a0b0-16123cf0addd,5b0fa12a-3dd7-45bb-9766-cc326314d9f1,57.94654261809774,0.0005148756409479,8.885355668952427e-06,17.482175542525002,49.858786465740245,20.0,0.0002654021891148,0.0007827039594952,0.0003034508561094,0.0013515570047195,0.0,Germany,DEU,,,,Linux-6.8.0-107-generic-x86_64-with-glibc2.35,3.10.12,3.2.8,32,AMD Ryzen 9 7950X 16-Core Processor,1,1 x NVIDIA GeForce RTX 4090,,,62.01569366455078,machine,2.597777777777777,27.2,17.862222222222222,11.096136983235676,N,1.0,0.0
2026-07-05T15:01:25,codecarbon,8339ceca-b465-4335-8ea9-7d5c3cf330cd,5b0fa12a-3dd7-45bb-9766-cc326314d9f1,1652.415739780059,0.0490156665522341,2.9663035380405105e-05,166.9091177871747,99.95512726466416,20.0,0.0739691710237208,0.0458257180494339,0.0088720397947653,0.1286669288679201,0.0,Germany,DEU,,,,Linux-6.8.0-107-generic-x86_64-with-glibc2.35,3.10.12,3.2.8,32,AMD Ryzen 9 7950X 16-Core Processor,1,1 x NVIDIA GeForce RTX 4090,,,62.01569366455078,machine,19.749725776965263,57.207926829268295,17.89146861669691,11.09814836919344,N,1.0,0.0
2026-07-05T15:01:56,codecarbon,73754d98-9fdc-4532-bc47-4cd92e6cc3cc,5b0fa12a-3dd7-45bb-9766-cc326314d9f1,27.23091321298853,0.0003713419115559,1.3636777755173185e-05,84.27456602061365,53.53157693784304,20.0,0.0005027395479263,0.0003263716499857,0.0001456674122885,0.0009747786102006,0.0,Germany,DEU,,,,Linux-6.8.0-107-generic-x86_64-with-glibc2.35,3.10.12,3.2.8,32,AMD Ryzen 9 7950X 16-Core Processor,1,1 x NVIDIA GeForce RTX 4090,,,62.01569366455078,machine,16.642105263157895,27.31578947368421,17.11052631578947,10.675078141061883,N,1.0,0.0
2026-07-05T15:02:27,codecarbon,11f32376-61ca-427e-b8f3-7f513a9a4442,5b0fa12a-3dd7-45bb-9766-cc326314d9f1,26.98334243684076,0.0003425152373535,1.2693580795458677e-05,74.414788602,53.96607791414589,20.0,0.0004337661222148,0.0003219216464263,0.0001434203488377,0.0008991081174788,0.0,Germany,DEU,,,,Linux-6.8.0-107-generic-x86_64-with-glibc2.35,3.10.12,3.2.8,32,AMD Ryzen 9 7950X 16-Core Processor,1,1 x NVIDIA GeForce RTX 4090,,,62.01569366455078,machine,27.426315789473687,30.473684210526315,17.368421052631582,10.757422999331826,N,1.0,0.0
2026-07-05T15:02:49,codecarbon,9b93cc57-a98a-445f-83d1-323bb8f4efd5,5b0fa12a-3dd7-45bb-9766-cc326314d9f1,17.276684150099754,0.0001215625125553,7.036217800778861e-06,17.003937234000002,11.14773119943198,40.0,7.923062262661242e-05,5.349476501770312e-05,0.0001863782022109,0.0003191035898552,0.0,Germany,DEU,,,,Linux-6.8.0-107-generic-x86_64-with-glibc2.35,3.10.12,3.2.8,32,AMD Ryzen 9 7950X 16-Core Processor,1,1 x NVIDIA GeForce RTX 4090,,,62.01569366455078,machine,6.688888888888889,0.0,16.344444444444445,9.994508531358507,N,1.0,0.0
2026-07-05T15:30:21,codecarbon,f636b111-e33d-46c9-ac71-09075818406c,5b0fa12a-3dd7-45bb-9766-cc326314d9f1,1648.46503083501,0.0490424426364849,2.9750368809245e-05,167.3672852823769,100.2359750873351,20.0,0.0740329369013852,0.0458543569612341,0.008849922665757,0.1287372165283763,0.0,Germany,DEU,,,,Linux-6.8.0-107-generic-x86_64-with-glibc2.35,3.10.12,3.2.8,32,AMD Ryzen 9 7950X 16-Core Processor,1,1 x NVIDIA GeForce RTX 4090,,,62.01569366455078,machine,18.56782661782662,57.84361637141112,18.05775335775332,11.195836475917272,N,1.0,0.0
2026-07-05T15:30:52,codecarbon,1b486fc2-a98d-4363-8c1b-004012692bcd,5b0fa12a-3dd7-45bb-9766-cc326314d9f1,26.70136279799044,0.0003808660659548,1.4263918618547207e-05,89.91841145020001,55.78706602785823,20.0,0.0005323599428056,0.0003246930375322,0.0001427266914164,0.0009997796717544,0.0,Germany,DEU,,,,Linux-6.8.0-107-generic-x86_64-with-glibc2.35,3.10.12,3.2.8,32,AMD Ryzen 9 7950X 16-Core Processor,1,1 x NVIDIA GeForce RTX 4090,,,62.01569366455078,machine,24.07058823529412,31.823529411764707,17.252941176470586,10.740070343017578,N,1.0,0.0
2026-07-05T15:31:22,codecarbon,5a77c006-42aa-4e45-98a3-5f952cf86c8a,5b0fa12a-3dd7-45bb-9766-cc326314d9f1,26.89019939280115,0.0003719872491358,1.3833562321423608e-05,85.84976100096023,56.325145136053415,20.0,0.0004994816397633,0.0003338288781735,0.0001431621139985,0.0009764726319354,0.0,Germany,DEU,,,,Linux-6.8.0-107-generic-x86_64-with-glibc2.35,3.10.12,3.2.8,32,AMD Ryzen 9 7950X 16-Core Processor,1,1 x NVIDIA GeForce RTX 4090,,,62.01569366455078,machine,9.4,32.529411764705884,16.958823529411763,10.640419006347656,N,1.0,0.0
2026-07-05T15:31:43,codecarbon,066cfb13-f961-43ad-a19c-5b71a9e68bf9,5b0fa12a-3dd7-45bb-9766-cc326314d9f1,17.13971403101459,0.0001577177197297,9.201887466989806e-06,17.002079623812502,7.564970632392593,20.0,0.0001571407324112,7.20245020637833e-05,0.0001848463673881,0.0004140116018631,0.0,Germany,DEU,,,,Linux-6.8.0-107-generic-x86_64-with-glibc2.35,3.10.12,3.2.8,32,AMD Ryzen 9 7950X 16-Core Processor,1,1 x NVIDIA GeForce RTX 4090,,,62.01569366455078,machine,1.6,0.0,16.3125,10.194299221038818,N,1.0,0.0
2026-07-05T15:59:17,codecarbon,4207b5b1-a4ba-4e20-9197-f41631e601ee,5b0fa12a-3dd7-45bb-9766-cc326314d9f1,1649.850504354108,0.0491239555394756,2.97747919643828e-05,167.4411834991386,100.45239333519731,20.0,0.0741064619515625,0.0459867767893928,0.0088579504951006,0.1289511892360561,0.0,Germany,DEU,,,,Linux-6.8.0-107-generic-x86_64-with-glibc2.35,3.10.12,3.2.8,32,AMD Ryzen 9 7950X 16-Core Processor,1,1 x NVIDIA GeForce RTX 4090,,,62.01569366455078,machine,19.95161881490532,57.553178484107576,17.93579718998198,11.11391093138157,N,1.0,0.0
2026-07-05T15:59:48,codecarbon,4e7cf684-2360-49e3-b916-09a5c103d357,5b0fa12a-3dd7-45bb-9766-cc326314d9f1,26.843670927220955,0.0003648078047842,1.3590086310227584e-05,85.08039200163637,55.14778258968256,20.0,0.0004920904375214,0.0003246058152406,0.0001409302199621,0.0009576264727241,0.0,Germany,DEU,,,,Linux-6.8.0-107-generic-x86_64-with-glibc2.35,3.10.12,3.2.8,32,AMD Ryzen 9 7950X 16-Core Processor,1,1 x NVIDIA GeForce RTX 4090,,,62.01569366455078,machine,16.599999999999998,31.26315789473684,17.110526315789475,10.685892004715768,N,1.0,0.0
2026-07-05T16:00:19,codecarbon,78203730-99b9-4f94-8f45-f14fce21b302,5b0fa12a-3dd7-45bb-9766-cc326314d9f1,26.79259057505988,0.000358099605519,1.3365620786679882e-05,83.16249591012499,53.93409367393421,20.0,0.000485384987039,0.0003113760824344,0.0001432562701223,0.0009400173395958,0.0,Germany,DEU,,,,Linux-6.8.0-107-generic-x86_64-with-glibc2.35,3.10.12,3.2.8,32,AMD Ryzen 9 7950X 16-Core Processor,1,1 x NVIDIA GeForce RTX 4090,,,62.01569366455078,machine,21.73684210526316,30.26315789473684,16.857894736842105,10.636559737356086,N,1.0,0.0
2026-07-05T16:00:40,codecarbon,f50496d7-caca-42ce-af28-af9c9d2e6f06,5b0fa12a-3dd7-45bb-9766-cc326314d9f1,17.138601880986243,0.0001580157384598,9.219873333725488e-06,34.00447295500001,15.293145482924336,40.0,0.000157144650385,7.280089157379876e-05,0.0001848483639601,0.0004147939059189,0.0,Germany,DEU,,,,Linux-6.8.0-107-generic-x86_64-with-glibc2.35,3.10.12,3.2.8,32,AMD Ryzen 9 7950X 16-Core Processor,1,1 x NVIDIA GeForce RTX 4090,,,62.01569366455078,machine,2.0,0.0,16.425,10.353924751281738,N,1.0,0.0
2026-07-05T16:28:18,codecarbon,cdbc9f17-aec0-4fb0-abe8-e620de15b248,5b0fa12a-3dd7-45bb-9766-cc326314d9f1,1654.4019199430477,0.0492231459304177,2.97528341432971e-05,166.18473982099832,99.94629145329998,20.0,0.0742420588878722,0.0460904588167823,0.0088790479349774,0.1292115656396319,0.0,Germany,DEU,,,,Linux-6.8.0-107-generic-x86_64-with-glibc2.35,3.10.12,3.2.8,32,AMD Ryzen 9 7950X 16-Core Processor,1,1 x NVIDIA GeForce RTX 4090,,,62.01569366455078,machine,19.970724284844795,57.333130328867234,18.026475958612195,11.170441161403552,N,1.0,0.0
2026-07-05T16:28:49,codecarbon,23061b90-d5e1-43e9-8ff4-80fb9c72d01d,5b0fa12a-3dd7-45bb-9766-cc326314d9f1,26.782408388098705,0.0003632175131859,1.356179429133783e-05,83.61314190554546,55.893216514916496,20.0,0.0004817009200545,0.0003285569295119,0.0001431940816213,0.0009534519311878,0.0,Germany,DEU,,,,Linux-6.8.0-107-generic-x86_64-with-glibc2.35,3.10.12,3.2.8,32,AMD Ryzen 9 7950X 16-Core Processor,1,1 x NVIDIA GeForce RTX 4090,,,62.01569366455078,machine,8.58,29.7,17.335,10.757630157470704,N,1.0,0.0
2026-07-05T16:29:20,codecarbon,bd566ca7-bbc6-4432-a1f7-275a5b3a65ed,5b0fa12a-3dd7-45bb-9766-cc326314d9f1,26.9104659659788,0.0003606243169325,1.3400894558586878e-05,84.1912085536591,54.55752592813076,20.0,0.0004872540336679,0.0003155055301817,0.0001438851846278,0.0009466447484775,0.0,Germany,DEU,,,,Linux-6.8.0-107-generic-x86_64-with-glibc2.35,3.10.12,3.2.8,32,AMD Ryzen 9 7950X 16-Core Processor,1,1 x NVIDIA GeForce RTX 4090,,,62.01569366455078,machine,11.242105263157894,30.63157894736842,17.073684210526316,10.679175929019326,N,1.0,0.0
2026-07-05T16:29:41,codecarbon,af26eb3e-f00b-4603-9369-35e16950302d,5b0fa12a-3dd7-45bb-9766-cc326314d9f1,17.29262391687371,0.0001548589940148,8.95520510706186e-06,34.00401684500001,12.773259364758148,40.0,0.0001585966202244,6.135116019212461e-05,0.0001865596195437,0.0004065073999603,0.0,Germany,DEU,,,,Linux-6.8.0-107-generic-x86_64-with-glibc2.35,3.10.12,3.2.8,32,AMD Ryzen 9 7950X 16-Core Processor,1,1 x NVIDIA GeForce RTX 4090,,,62.01569366455078,machine,0.8888888888888888,0.0,15.688888888888888,9.958857642279732,N,1.0,0.0
2026-07-16T07:08:50,codecarbon,e199e022-ddf9-4ecc-acd7-9be935d6ec6a,5b0fa12a-3dd7-45bb-9766-cc326314d9f1,64.3383016702719,0.0013147737254468,2.043531910719325e-05,129.14996718967387,48.33336276606734,20.0,0.0023018525726287,0.0008060289781557,0.0003434210491547,0.0034513025999392,0.0,Germany,DEU,,,,Linux-6.8.0-107-generic-x86_64-with-glibc2.35,3.10.12,3.2.8,32,AMD Ryzen 9 7950X 16-Core Processor,1,1 x NVIDIA GeForce RTX 4090,,,62.01569366455078,machine,37.10350877192983,0.0526315789473684,18.94912280701756,11.77503746434262,N,1.0,0.0
2026-07-16T07:14:38,codecarbon,caec34ba-043f-44a7-bfc0-646355b6ba63,5b0fa12a-3dd7-45bb-9766-cc326314d9f1,65.75511835794896,0.0013160817516574,2.001489442225804e-05,132.541142549,45.810945359169445,20.0,0.0023257533010548,0.000777655344347,0.0003513275448,0.0034547361902019,0.0,Germany,DEU,,,,Linux-6.8.0-107-generic-x86_64-with-glibc2.35,3.10.12,3.2.8,32,AMD Ryzen 9 7950X 16-Core Processor,1,1 x NVIDIA GeForce RTX 4090,,,62.01569366455078,machine,43.53103448275862,0.0,19.22931034482756,11.906203829008955,N,1.0,0.0
2026-07-16T07:21:06,codecarbon,2b1d0002-3883-4e1b-8a71-e585db0453c1,5b0fa12a-3dd7-45bb-9766-cc326314d9f1,363.22396680992097,0.0088084000211206,2.4250602454683867e-05,159.73574570501248,53.249796961757,20.0,0.0158415379602485,0.0053331300998351,0.0019475265090741,0.0231221945691578,0.0,Germany,DEU,,,,Linux-6.8.0-107-generic-x86_64-with-glibc2.35,3.10.12,3.2.8,32,AMD Ryzen 9 7950X 16-Core Processor,1,1 x NVIDIA GeForce RTX 4090,,,62.01569366455078,machine,51.30338028169015,0.2563380281690141,20.279154929577487,12.571133917150362,N,1.0,0.0
2026-07-16T08:39:05,codecarbon,f7fb3934-54fc-4aab-ab16-06a7ab457a3e,5b0fa12a-3dd7-45bb-9766-cc326314d9f1,64.57262854278088,0.0012953591988295,2.006049975139731e-05,122.3449101918,48.28622866221394,20.0,0.0022489131847365,0.0008066564786588,0.0003447694856518,0.0034003391490471,0.0,Germany,DEU,,,,Linux-6.8.0-107-generic-x86_64-with-glibc2.35,3.10.12,3.2.8,32,AMD Ryzen 9 7950X 16-Core Processor,1,1 x NVIDIA GeForce RTX 4090,,,62.01569366455078,machine,37.7875,0.0714285714285714,19.60892857142857,12.212107726505824,N,1.0,0.0
2026-07-16T08:43:08,codecarbon,6ba3069d-6dde-4868-ba4f-47a122fde2f2,5b0fa12a-3dd7-45bb-9766-cc326314d9f1,68.79802432004362,0.0013958719017635,2.0289418418035417e-05,138.6928858434125,45.095369342681295,20.0,0.0024784634235317,0.0008175370429164,0.0003681861768476,0.0036641866432958,0.0,Germany,DEU,,,,Linux-6.8.0-107-generic-x86_64-with-glibc2.35,3.10.12,3.2.8,32,AMD Ryzen 9 7950X 16-Core Processor,1,1 x NVIDIA GeForce RTX 4090,,,62.01569366455078,machine,36.84333333333333,0.0,19.64000000000002,12.205249977111816,N,1.0,0.0
2026-07-16T08:45:56,codecarbon,b4ddd4b5-b6b9-4310-b858-8afbb4bbecb5,5b0fa12a-3dd7-45bb-9766-cc326314d9f1,64.53589396830648,0.0012835381898341,1.9888748894755183e-05,125.3633253588,46.677626803225806,20.0,0.0022540174066677,0.00077077422773,0.0003445171720969,0.0033693088064947,0.0,Germany,DEU,,,,Linux-6.8.0-107-generic-x86_64-with-glibc2.35,3.10.12,3.2.8,32,AMD Ryzen 9 7950X 16-Core Processor,1,1 x NVIDIA GeForce RTX 4090,,,62.01569366455078,machine,46.60178571428571,0.0535714285714285,19.29821428571429,11.952421937670026,N,1.0,0.0
2026-07-16T09:38:12,codecarbon,f6507d3a-5ba6-443b-8585-74bc013c08f4,5b0fa12a-3dd7-45bb-9766-cc326314d9f1,3073.0085217407905,0.0770566402356267,2.50753096486618e-05,168.6788704431173,54.657250120921134,20.0,0.1391400081370778,0.0466382300883321,0.0164967066115156,0.2022749448369255,0.0,Germany,DEU,,,,Linux-6.8.0-107-generic-x86_64-with-glibc2.35,3.10.12,3.2.8,32,AMD Ryzen 9 7950X 16-Core Processor,1,1 x NVIDIA GeForce RTX 4090,,,62.01569366455078,machine,45.92824028730004,0.3379040156709109,16.003885079987818,9.923299797523889,N,1.0,0.0
2026-07-16T09:45:56,codecarbon,b8642477-a294-46af-be4b-b1802d9daa19,5b0fa12a-3dd7-45bb-9766-cc326314d9f1,59.5721310810186,0.0013696025756887,2.299065940458172e-05,153.4762449700759,51.22219108650114,20.0,0.0024373517825209,0.0008381228927181,0.0003197545561266,0.0035952292313657,0.0,Germany,DEU,,,,Linux-6.8.0-107-generic-x86_64-with-glibc2.35,3.10.12,3.2.8,32,AMD Ryzen 9 7950X 16-Core Processor,1,1 x NVIDIA GeForce RTX 4090,,,62.01569366455078,machine,37.86964285714286,0.0357142857142857,16.033928571428564,9.942201818738663,N,1.0,0.0
2026-07-16T10:02:02,codecarbon,f184fe07-b6bd-4063-b2a7-d4a8cc0c6855,5b0fa12a-3dd7-45bb-9766-cc326314d9f1,888.5054235081188,0.0258840426043489,2.913211548236815e-05,165.3721443613523,94.81364802955436,20.0,0.0397520317937389,0.0234264637411563,0.0047675409642487,0.067946036499144,0.0,Germany,DEU,,,,Linux-6.8.0-107-generic-x86_64-with-glibc2.35,3.10.12,3.2.8,32,AMD Ryzen 9 7950X 16-Core Processor,1,1 x NVIDIA GeForce RTX 4090,,,62.01569366455078,machine,13.593544733861837,58.38391845979615,15.731483578709105,9.756617087065026,N,1.0,0.0
2026-07-16T10:05:04,codecarbon,60e8e3f6-4136-4dba-8d44-69e735122684,5b0fa12a-3dd7-45bb-9766-cc326314d9f1,31.40178126795217,0.0004900649708944,1.560627936080103e-05,90.64289101360626,46.47642168500776,20.0,0.0007312378498918,0.0003869633651252,0.0001682273737594,0.0012864285887765,0.0,Germany,DEU,,,,Linux-6.8.0-107-generic-x86_64-with-glibc2.35,3.10.12,3.2.8,32,AMD Ryzen 9 7950X 16-Core Processor,1,1 x NVIDIA GeForce RTX 4090,,,62.01569366455078,machine,21.379166666666663,23.541666666666668,18.466666666666672,11.488538901011148,N,1.0,0.0
2026-07-16T14:02:48,codecarbon,87f04036-bb98-460f-910b-fd2c9e058fd9,5b0fa12a-3dd7-45bb-9766-cc326314d9f1,886.9726761220954,0.0258433267757098,2.9136553437811188e-05,163.69532351982687,94.48357517449963,20.0,0.0396033751980417,0.0233925698251518,0.0048432117577745,0.0678391567809681,0.0,Germany,DEU,,,,Linux-6.8.0-107-generic-x86_64-with-glibc2.35,3.10.12,3.2.8,32,AMD Ryzen 9 7950X 16-Core Processor,1,1 x NVIDIA GeForce RTX 4090,,,62.01569366455078,machine,8.048018120045299,58.65911664779162,15.848131370328543,9.824868505700394,N,1.0,0.0
2026-07-16T14:18:37,codecarbon,8260d13e-dcb6-44c3-911b-e7eb3392c402,5b0fa12a-3dd7-45bb-9766-cc326314d9f1,897.9026798461564,0.0260574867591838,2.9020390899878472e-05,166.17735448146834,94.41069421339265,20.0,0.0400493595033199,0.0235319968811378,0.0048199738667139,0.0684013302511717,0.0,Germany,DEU,,,,Linux-6.8.0-107-generic-x86_64-with-glibc2.35,3.10.12,3.2.8,32,AMD Ryzen 9 7950X 16-Core Processor,1,1 x NVIDIA GeForce RTX 4090,,,62.01569366455078,machine,14.440380313199103,58.077181208053695,15.835123042505748,9.812853700095909,N,1.0,0.0
2026-07-16T14:22:08,codecarbon,05cae402-a96a-4748-97f6-758395493cbb,5b0fa12a-3dd7-45bb-9766-cc326314d9f1,5.262614224106073,2.527535971873783e-05,4.802814464902411e-06,17.01162283625,11.910608611504854,20.0,2.24951758424179e-05,1.7406958368937353e-05,2.6446099726793667e-05,6.634823393814892e-05,0.0,Germany,DEU,,,,Linux-6.8.0-107-generic-x86_64-with-glibc2.35,3.10.12,3.2.8,32,AMD Ryzen 9 7950X 16-Core Processor,1,1 x NVIDIA GeForce RTX 4090,,,62.01569366455078,machine,0.0,0.6666666666666666,14.833333333333334,9.21539052327474,N,1.0,0.0
2026-07-16T14:26:26,codecarbon,3a0cbde0-91a5-4eea-a97e-c2ab8a755aa9,5b0fa12a-3dd7-45bb-9766-cc326314d9f1,5.717388560064137,2.7929010567435032e-05,4.884924345096764e-06,17.007288040250003,12.41396127588943,20.0,2.4635691250015924e-05,1.971029354663756e-05,2.896812615605692e-05,7.331411095271041e-05,0.0,Germany,DEU,,,,Linux-6.8.0-107-generic-x86_64-with-glibc2.35,3.10.12,3.2.8,32,AMD Ryzen 9 7950X 16-Core Processor,1,1 x NVIDIA GeForce RTX 4090,,,62.01569366455078,machine,1.0333333333333334,0.6666666666666666,15.033333333333331,9.313921610514322,N,1.0,0.0
2026-07-16T15:19:10,codecarbon,5f231130-e6d5-40b1-9689-2e5db178575b,5b0fa12a-3dd7-45bb-9766-cc326314d9f1,515.0763075146824,0.0149056416827392,2.8938705712676112e-05,162.81447375497532,95.9240656387392,20.0,0.0226539596011743,0.0137100104124421,0.0027635839507863,0.0391275539644028,0.0,Germany,DEU,,,,Linux-6.8.0-107-generic-x86_64-with-glibc2.35,3.10.12,3.2.8,32,AMD Ryzen 9 7950X 16-Core Processor,1,1 x NVIDIA GeForce RTX 4090,,,62.01569366455078,machine,14.102348336594911,59.18003913894325,15.83913894324844,9.81463336384693,N,1.0,0.0
2026-07-16T15:35:37,codecarbon,27305eb4-4b81-4ee4-b77e-128a06995f5d,5b0fa12a-3dd7-45bb-9766-cc326314d9f1,885.1728441370651,0.0257489347048559,2.9089160241871183e-05,166.4468771244168,94.83772808753314,20.0,0.0395398636514574,0.0232990575281206,0.0047524548667689,0.0675913760463471,0.0,Germany,DEU,,,,Linux-6.8.0-107-generic-x86_64-with-glibc2.35,3.10.12,3.2.8,32,AMD Ryzen 9 7950X 16-Core Processor,1,1 x NVIDIA GeForce RTX 4090,,,62.01569366455078,machine,12.393295454545456,58.88977272727273,15.843068181818294,9.825424779545177,N,1.0,0.0
2026-07-16T15:53:13,codecarbon,c7e0e835-cbf3-4883-8853-5903417112e0,5b0fa12a-3dd7-45bb-9766-cc326314d9f1,596.8213977199048,0.016800416230254592,2.8149822198799954e-05,167.16538212299548,85.19341119845019,20.0,0.0267828485221849,0.014115014069782106,0.00320350564600279,0.04410136823796979,0.0,Germany,DEU,,,,Linux-6.8.0-107-generic-x86_64-with-glibc2.35,3.10.12,3.2.8,32,AMD Ryzen 9 7950X 16-Core Processor,1,1 x NVIDIA GeForce RTX 4090,,,62.01569366455078,machine,9.443507588532883,52.320404721753796,15.223608768971449,9.431096448464096,N,1.0,0.0
